input,type,timeNs,size,sat
UUF50.218.1000/uuf50-01.cnf,naive,52372102,120,no
UUF50.218.1000/uuf50-01.cnf,qbf,623016457,159,no
UUF50.218.1000/uuf50-01.cnf,muser,5574247,108,no
UUF50.218.1000/uuf50-01.cnf,naive,55621239,120,no
UUF50.218.1000/uuf50-01.cnf,qbf,617314618,159,no
UUF50.218.1000/uuf50-01.cnf,muser,5432370,108,no
UUF50.218.1000/uuf50-02.cnf,naive,51085407,108,no
UUF50.218.1000/uuf50-02.cnf,qbf,5169194607,165,no
UUF50.218.1000/uuf50-02.cnf,muser,4003181,98,no
UUF50.218.1000/uuf50-03.cnf,naive,39656480,111,no
UUF50.218.1000/uuf50-03.cnf,qbf,2761064397,150,no
UUF50.218.1000/uuf50-03.cnf,muser,3194773,90,no
UUF50.218.1000/uuf50-04.cnf,naive,56435829,126,no
UUF50.218.1000/uuf50-04.cnf,qbf,5448004474,163,no
UUF50.218.1000/uuf50-04.cnf,muser,5657018,106,no
UUF50.218.1000/uuf50-05.cnf,naive,47030771,113,no
UUF50.218.1000/uuf50-05.cnf,qbf,4269481040,171,no
UUF50.218.1000/uuf50-05.cnf,muser,3323212,93,no
UUF50.218.1000/uuf50-06.cnf,naive,45209520,108,no
UUF50.218.1000/uuf50-06.cnf,qbf,7990540905,166,no
UUF50.218.1000/uuf50-06.cnf,muser,3416722,98,no
UUF50.218.1000/uuf50-07.cnf,naive,57602313,123,no
UUF50.218.1000/uuf50-07.cnf,qbf,1536616543,166,no
UUF50.218.1000/uuf50-07.cnf,muser,3374822,95,no
UUF50.218.1000/uuf50-08.cnf,naive,51390793,106,no
UUF50.218.1000/uuf50-08.cnf,qbf,8719097042,162,no
UUF50.218.1000/uuf50-08.cnf,muser,3699958,83,no
UUF50.218.1000/uuf50-09.cnf,naive,48802059,114,no
UUF50.218.1000/uuf50-09.cnf,qbf,7180939814,165,no
UUF50.218.1000/uuf50-09.cnf,muser,2748432,78,no
UUF50.218.1000/uuf50-01.cnf,naive,52878884,120,no
UUF50.218.1000/uuf50-01.cnf,qbf,604135802,159,no
UUF50.218.1000/uuf50-01.cnf,muser,5595983,108,no
UUF50.218.1000/uuf50-02.cnf,naive,49593835,108,no
UUF50.218.1000/uuf50-02.cnf,qbf,5157519900,165,no
UUF50.218.1000/uuf50-02.cnf,muser,14367819,98,no
UUF50.218.1000/uuf50-03.cnf,naive,39739147,111,no
UUF50.218.1000/uuf50-03.cnf,qbf,2727987736,150,no
UUF50.218.1000/uuf50-03.cnf,muser,3053434,90,no
UUF50.218.1000/uuf50-04.cnf,naive,56359371,126,no
UUF50.218.1000/uuf50-04.cnf,qbf,5367889432,163,no
UUF50.218.1000/uuf50-04.cnf,muser,5641224,106,no
UUF50.218.1000/uuf50-05.cnf,naive,47220743,113,no
UUF50.218.1000/uuf50-05.cnf,qbf,4158455544,171,no
UUF50.218.1000/uuf50-05.cnf,muser,3006705,93,no
UUF50.218.1000/uuf50-06.cnf,naive,41437115,108,no
UUF50.218.1000/uuf50-06.cnf,qbf,7524452904,166,no
UUF50.218.1000/uuf50-06.cnf,muser,3830916,98,no
UUF50.218.1000/uuf50-07.cnf,naive,57083149,123,no
UUF50.218.1000/uuf50-07.cnf,qbf,1530110241,166,no
UUF50.218.1000/uuf50-07.cnf,muser,3401081,95,no
UUF50.218.1000/uuf50-08.cnf,naive,50593285,106,no
UUF50.218.1000/uuf50-08.cnf,qbf,8627763603,162,no
UUF50.218.1000/uuf50-08.cnf,muser,3644998,83,no
UUF50.218.1000/uuf50-09.cnf,naive,49418035,114,no
UUF50.218.1000/uuf50-09.cnf,qbf,7109886319,165,no
UUF50.218.1000/uuf50-09.cnf,muser,2689720,78,no
UUF50.218.1000/uuf50-010.cnf,naive,45852402,105,no
UUF50.218.1000/uuf50-010.cnf,qbf,6839059828,168,no
UUF50.218.1000/uuf50-010.cnf,muser,3344333,83,no
UUF50.218.1000/uuf50-011.cnf,naive,47814324,119,no
UUF50.218.1000/uuf50-011.cnf,qbf,6188224838,163,no
UUF50.218.1000/uuf50-011.cnf,muser,5374140,108,no
UUF50.218.1000/uuf50-012.cnf,naive,51284291,123,no
UUF50.218.1000/uuf50-012.cnf,qbf,1530215045,167,no
UUF50.218.1000/uuf50-012.cnf,muser,4239202,95,no
UUF50.218.1000/uuf50-013.cnf,naive,44502107,106,no
UUF50.218.1000/uuf50-013.cnf,qbf,5677553483,162,no
UUF50.218.1000/uuf50-013.cnf,muser,3392443,83,no
UUF50.218.1000/uuf50-014.cnf,naive,52088417,121,no
UUF50.218.1000/uuf50-014.cnf,qbf,1559958329,161,no
UUF50.218.1000/uuf50-014.cnf,muser,4019316,82,no
UUF50.218.1000/uuf50-015.cnf,naive,46984876,104,no
UUF50.218.1000/uuf50-015.cnf,qbf,2307332178,151,no
UUF50.218.1000/uuf50-015.cnf,muser,3606011,88,no
UUF50.218.1000/uuf50-016.cnf,naive,36185004,101,no
UUF50.218.1000/uuf50-016.cnf,qbf,4362001552,163,no
UUF50.218.1000/uuf50-016.cnf,muser,2868578,84,no
UUF50.218.1000/uuf50-017.cnf,naive,42665376,95,no
UUF50.218.1000/uuf50-017.cnf,qbf,4661767847,165,no
UUF50.218.1000/uuf50-017.cnf,muser,2530262,86,no
UUF50.218.1000/uuf50-018.cnf,naive,41662240,118,no
UUF50.218.1000/uuf50-018.cnf,qbf,726368677,163,no
UUF50.218.1000/uuf50-018.cnf,muser,3525952,96,no
UUF50.218.1000/uuf50-019.cnf,naive,59096083,121,no
UUF50.218.1000/uuf50-019.cnf,qbf,691607578,160,no
UUF50.218.1000/uuf50-019.cnf,muser,4016447,110,no
UUF50.218.1000/uuf50-020.cnf,naive,62664966,122,no
UUF50.218.1000/uuf50-020.cnf,qbf,6747964030,163,no
UUF50.218.1000/uuf50-020.cnf,muser,4052207,95,no
UUF50.218.1000/uuf50-021.cnf,naive,62900849,130,no
UUF50.218.1000/uuf50-021.cnf,qbf,11981743685,165,no
UUF50.218.1000/uuf50-021.cnf,muser,7031116,112,no
UUF50.218.1000/uuf50-022.cnf,naive,64995368,119,no
UUF50.218.1000/uuf50-022.cnf,qbf,15525225664,170,no
UUF50.218.1000/uuf50-022.cnf,muser,5543333,101,no
UUF50.218.1000/uuf50-023.cnf,naive,63018902,125,no
UUF50.218.1000/uuf50-023.cnf,qbf,678622162,161,no
UUF50.218.1000/uuf50-023.cnf,muser,6288445,107,no
UUF50.218.1000/uuf50-024.cnf,naive,61085833,125,no
UUF50.218.1000/uuf50-024.cnf,qbf,660293516,147,no
UUF50.218.1000/uuf50-024.cnf,muser,3918939,91,no
UUF50.218.1000/uuf50-025.cnf,naive,53515622,110,no
UUF50.218.1000/uuf50-025.cnf,qbf,675023962,151,no
UUF50.218.1000/uuf50-025.cnf,muser,3074069,92,no
UUF50.218.1000/uuf50-026.cnf,naive,46100287,116,no
UUF50.218.1000/uuf50-026.cnf,qbf,706706906,167,no
UUF50.218.1000/uuf50-026.cnf,muser,3522614,84,no
UUF50.218.1000/uuf50-027.cnf,naive,54558032,114,no
UUF50.218.1000/uuf50-027.cnf,qbf,6287310254,165,no
UUF50.218.1000/uuf50-027.cnf,muser,5364145,100,no
UUF50.218.1000/uuf50-028.cnf,naive,56788284,121,no
UUF50.218.1000/uuf50-028.cnf,qbf,11852222186,181,no
UUF50.218.1000/uuf50-028.cnf,muser,6396726,107,no
UUF50.218.1000/uuf50-029.cnf,naive,39472545,100,no
UUF50.218.1000/uuf50-029.cnf,qbf,1555976479,165,no
UUF50.218.1000/uuf50-029.cnf,muser,3688203,89,no
UUF50.218.1000/uuf50-030.cnf,naive,41694434,108,no
UUF50.218.1000/uuf50-030.cnf,qbf,1664954057,164,no
UUF50.218.1000/uuf50-030.cnf,muser,2971090,85,no
UUF50.218.1000/uuf50-031.cnf,naive,49385270,108,no
UUF50.218.1000/uuf50-031.cnf,qbf,739259243,165,no
UUF50.218.1000/uuf50-031.cnf,muser,3281668,86,no
UUF50.218.1000/uuf50-032.cnf,naive,60276601,114,no
UUF50.218.1000/uuf50-032.cnf,qbf,4500575837,158,no
UUF50.218.1000/uuf50-032.cnf,muser,2864162,77,no
UUF50.218.1000/uuf50-033.cnf,naive,45878967,110,no
UUF50.218.1000/uuf50-033.cnf,qbf,656846777,166,no
UUF50.218.1000/uuf50-033.cnf,muser,2705464,83,no
UUF50.218.1000/uuf50-034.cnf,naive,53020687,119,no
UUF50.218.1000/uuf50-034.cnf,qbf,2970317813,157,no
UUF50.218.1000/uuf50-034.cnf,muser,3432076,97,no
UUF50.218.1000/uuf50-035.cnf,naive,55238828,119,no
UUF50.218.1000/uuf50-035.cnf,qbf,6425347050,167,no
UUF50.218.1000/uuf50-035.cnf,muser,5574725,106,no
UUF50.218.1000/uuf50-036.cnf,naive,38449636,107,no
UUF50.218.1000/uuf50-036.cnf,qbf,1629762043,164,no
UUF50.218.1000/uuf50-036.cnf,muser,4035201,89,no
UUF50.218.1000/uuf50-037.cnf,naive,61369524,120,no
UUF50.218.1000/uuf50-037.cnf,qbf,6520727219,160,no
UUF50.218.1000/uuf50-037.cnf,muser,6139991,103,no
UUF50.218.1000/uuf50-038.cnf,naive,42480830,93,no
UUF50.218.1000/uuf50-038.cnf,qbf,752706273,157,no
UUF50.218.1000/uuf50-038.cnf,muser,2824903,78,no
UUF50.218.1000/uuf50-039.cnf,naive,38961394,105,no
UUF50.218.1000/uuf50-039.cnf,qbf,6764916306,157,no
UUF50.218.1000/uuf50-039.cnf,muser,2646705,88,no
UUF50.218.1000/uuf50-040.cnf,naive,52622198,120,no
UUF50.218.1000/uuf50-040.cnf,qbf,2945795481,169,no
UUF50.218.1000/uuf50-040.cnf,muser,6960974,114,no
UUF50.218.1000/uuf50-041.cnf,naive,49266162,112,no
UUF50.218.1000/uuf50-041.cnf,qbf,10219081200,169,no
UUF50.218.1000/uuf50-041.cnf,muser,3243400,88,no
UUF50.218.1000/uuf50-042.cnf,naive,49596614,127,no
UUF50.218.1000/uuf50-042.cnf,qbf,8439045266,158,no
UUF50.218.1000/uuf50-042.cnf,muser,3386058,101,no
UUF50.218.1000/uuf50-043.cnf,naive,48511960,108,no
UUF50.218.1000/uuf50-043.cnf,qbf,8691553628,172,no
UUF50.218.1000/uuf50-043.cnf,muser,3172061,91,no
UUF50.218.1000/uuf50-044.cnf,naive,61284419,119,no
UUF50.218.1000/uuf50-044.cnf,qbf,632072155,154,no
UUF50.218.1000/uuf50-044.cnf,muser,7846238,110,no
UUF50.218.1000/uuf50-045.cnf,naive,60213378,127,no
UUF50.218.1000/uuf50-045.cnf,qbf,6817518045,170,no
UUF50.218.1000/uuf50-045.cnf,muser,4937545,105,no
UUF50.218.1000/uuf50-046.cnf,naive,45519317,100,no
UUF50.218.1000/uuf50-046.cnf,qbf,7017068776,165,no
UUF50.218.1000/uuf50-046.cnf,muser,3255621,89,no
UUF50.218.1000/uuf50-047.cnf,naive,53629436,116,no
UUF50.218.1000/uuf50-047.cnf,qbf,4258005496,164,no
UUF50.218.1000/uuf50-047.cnf,muser,4184303,88,no
UUF50.218.1000/uuf50-048.cnf,naive,52613349,122,no
UUF50.218.1000/uuf50-048.cnf,qbf,4010561238,160,no
UUF50.218.1000/uuf50-048.cnf,muser,3545848,88,no
UUF50.218.1000/uuf50-049.cnf,naive,61488902,119,no
UUF50.218.1000/uuf50-049.cnf,qbf,13872361319,168,no
UUF50.218.1000/uuf50-049.cnf,muser,7637893,114,no
UUF50.218.1000/uuf50-050.cnf,naive,53140515,113,no
UUF50.218.1000/uuf50-050.cnf,qbf,648946331,160,no
UUF50.218.1000/uuf50-050.cnf,muser,3511109,95,no
UUF50.218.1000/uuf50-051.cnf,naive,49958273,112,no
UUF50.218.1000/uuf50-051.cnf,qbf,7226297889,159,no
UUF50.218.1000/uuf50-051.cnf,muser,3601739,97,no
UUF50.218.1000/uuf50-052.cnf,naive,42366393,103,no
UUF50.218.1000/uuf50-052.cnf,qbf,1730925971,160,no
UUF50.218.1000/uuf50-052.cnf,muser,3086093,91,no
UUF50.218.1000/uuf50-053.cnf,naive,45221119,111,no
UUF50.218.1000/uuf50-053.cnf,qbf,8443151374,159,no
UUF50.218.1000/uuf50-053.cnf,muser,3551819,93,no
UUF50.218.1000/uuf50-054.cnf,naive,72660389,126,no
UUF50.218.1000/uuf50-054.cnf,qbf,5222723595,167,no
UUF50.218.1000/uuf50-054.cnf,muser,8045102,116,no
UUF50.218.1000/uuf50-055.cnf,naive,53204938,120,no
UUF50.218.1000/uuf50-055.cnf,qbf,754623345,167,no
UUF50.218.1000/uuf50-055.cnf,muser,3732288,99,no
UUF50.218.1000/uuf50-056.cnf,naive,62028913,128,no
UUF50.218.1000/uuf50-056.cnf,qbf,10084564162,159,no
UUF50.218.1000/uuf50-056.cnf,muser,5673682,110,no
UUF50.218.1000/uuf50-057.cnf,naive,54360683,108,no
UUF50.218.1000/uuf50-057.cnf,qbf,9300961861,162,no
UUF50.218.1000/uuf50-057.cnf,muser,6084909,98,no
UUF50.218.1000/uuf50-058.cnf,naive,43148992,103,no
UUF50.218.1000/uuf50-058.cnf,qbf,707771060,165,no
UUF50.218.1000/uuf50-058.cnf,muser,2959796,88,no
UUF50.218.1000/uuf50-059.cnf,naive,51859190,118,no
UUF50.218.1000/uuf50-059.cnf,qbf,707944213,163,no
UUF50.218.1000/uuf50-059.cnf,muser,2756147,84,no
UUF50.218.1000/uuf50-060.cnf,naive,58127109,124,no
UUF50.218.1000/uuf50-060.cnf,qbf,1669861442,160,no
UUF50.218.1000/uuf50-060.cnf,muser,6600276,115,no
UUF50.218.1000/uuf50-061.cnf,naive,60778608,132,no
UUF50.218.1000/uuf50-061.cnf,qbf,692208820,162,no
UUF50.218.1000/uuf50-061.cnf,muser,6731385,108,no
UUF50.218.1000/uuf50-062.cnf,naive,40379017,102,no
UUF50.218.1000/uuf50-062.cnf,qbf,6795536099,162,no
UUF50.218.1000/uuf50-062.cnf,muser,2770497,67,no
UUF50.218.1000/uuf50-063.cnf,naive,46391439,103,no
UUF50.218.1000/uuf50-063.cnf,qbf,7662321365,159,no
UUF50.218.1000/uuf50-063.cnf,muser,3575101,87,no
UUF50.218.1000/uuf50-064.cnf,naive,47269466,112,no
UUF50.218.1000/uuf50-064.cnf,qbf,13126295588,164,no
UUF50.218.1000/uuf50-064.cnf,muser,3428112,105,no
UUF50.218.1000/uuf50-065.cnf,naive,56639598,109,no
UUF50.218.1000/uuf50-065.cnf,qbf,5873417078,160,no
UUF50.218.1000/uuf50-065.cnf,muser,4059108,109,no
UUF50.218.1000/uuf50-066.cnf,naive,63570055,131,no
UUF50.218.1000/uuf50-066.cnf,qbf,6594897738,178,no
UUF50.218.1000/uuf50-066.cnf,muser,3535452,99,no
UUF50.218.1000/uuf50-067.cnf,naive,55872261,123,no
UUF50.218.1000/uuf50-067.cnf,qbf,9062156666,159,no
UUF50.218.1000/uuf50-067.cnf,muser,4392576,100,no
UUF50.218.1000/uuf50-068.cnf,naive,53056387,115,no
UUF50.218.1000/uuf50-068.cnf,qbf,781435023,161,no
UUF50.218.1000/uuf50-068.cnf,muser,4465205,98,no
UUF50.218.1000/uuf50-069.cnf,naive,53282265,121,no
UUF50.218.1000/uuf50-069.cnf,qbf,3056299302,172,no
UUF50.218.1000/uuf50-069.cnf,muser,4475436,105,no
UUF50.218.1000/uuf50-070.cnf,naive,49393746,108,no
UUF50.218.1000/uuf50-070.cnf,qbf,3213423573,160,no
UUF50.218.1000/uuf50-070.cnf,muser,3781571,87,no
UUF50.218.1000/uuf50-071.cnf,naive,53283369,115,no
UUF50.218.1000/uuf50-071.cnf,qbf,5254825067,154,no
UUF50.218.1000/uuf50-071.cnf,muser,3905080,95,no
UUF50.218.1000/uuf50-072.cnf,naive,55381604,114,no
UUF50.218.1000/uuf50-072.cnf,qbf,693183220,156,no
UUF50.218.1000/uuf50-072.cnf,muser,4400566,95,no
UUF50.218.1000/uuf50-073.cnf,naive,54039196,112,no
UUF50.218.1000/uuf50-073.cnf,qbf,668687531,153,no
UUF50.218.1000/uuf50-073.cnf,muser,2715829,83,no
UUF50.218.1000/uuf50-074.cnf,naive,49083484,112,no
UUF50.218.1000/uuf50-074.cnf,qbf,3673577622,167,no
UUF50.218.1000/uuf50-074.cnf,muser,5075031,98,no
UUF50.218.1000/uuf50-075.cnf,naive,57246963,120,no
UUF50.218.1000/uuf50-075.cnf,qbf,4074652953,163,no
UUF50.218.1000/uuf50-075.cnf,muser,3474784,92,no
UUF50.218.1000/uuf50-076.cnf,naive,52132484,124,no
UUF50.218.1000/uuf50-076.cnf,qbf,6369791890,172,no
UUF50.218.1000/uuf50-076.cnf,muser,3688462,96,no
UUF50.218.1000/uuf50-077.cnf,naive,57149168,115,no
UUF50.218.1000/uuf50-077.cnf,qbf,4417293519,175,no
UUF50.218.1000/uuf50-077.cnf,muser,5949235,104,no
UUF50.218.1000/uuf50-078.cnf,naive,51278835,128,no
UUF50.218.1000/uuf50-078.cnf,qbf,13009497618,169,no
UUF50.218.1000/uuf50-078.cnf,muser,4733255,102,no
UUF50.218.1000/uuf50-079.cnf,naive,52731020,113,no
UUF50.218.1000/uuf50-079.cnf,qbf,673213351,159,no
UUF50.218.1000/uuf50-079.cnf,muser,3873151,102,no
UUF50.218.1000/uuf50-080.cnf,naive,50788774,119,no
UUF50.218.1000/uuf50-080.cnf,qbf,6945352052,161,no
UUF50.218.1000/uuf50-080.cnf,muser,3732233,93,no
UUF50.218.1000/uuf50-081.cnf,naive,49235169,117,no
UUF50.218.1000/uuf50-081.cnf,qbf,588038389,162,no
UUF50.218.1000/uuf50-081.cnf,muser,2733830,92,no
UUF50.218.1000/uuf50-082.cnf,naive,47617111,112,no
UUF50.218.1000/uuf50-082.cnf,qbf,6523197942,179,no
UUF50.218.1000/uuf50-082.cnf,muser,3859082,103,no
UUF50.218.1000/uuf50-083.cnf,naive,63211831,121,no
UUF50.218.1000/uuf50-083.cnf,qbf,668182959,167,no
UUF50.218.1000/uuf50-083.cnf,muser,4151850,106,no
UUF50.218.1000/uuf50-084.cnf,naive,52880855,105,no
UUF50.218.1000/uuf50-084.cnf,qbf,7125995883,170,no
UUF50.218.1000/uuf50-084.cnf,muser,5706379,102,no
UUF50.218.1000/uuf50-085.cnf,naive,47072620,115,no
UUF50.218.1000/uuf50-085.cnf,qbf,3194833984,165,no
UUF50.218.1000/uuf50-085.cnf,muser,2840220,92,no
UUF50.218.1000/uuf50-086.cnf,naive,62874838,124,no
UUF50.218.1000/uuf50-086.cnf,qbf,7800034029,161,no
UUF50.218.1000/uuf50-086.cnf,muser,6679873,106,no
UUF50.218.1000/uuf50-087.cnf,naive,49291979,118,no
UUF50.218.1000/uuf50-087.cnf,qbf,4863936964,164,no
UUF50.218.1000/uuf50-087.cnf,muser,5625330,105,no
UUF50.218.1000/uuf50-088.cnf,naive,38785064,93,no
UUF50.218.1000/uuf50-088.cnf,qbf,5672776605,156,no
UUF50.218.1000/uuf50-088.cnf,muser,4816786,97,no
UUF50.218.1000/uuf50-089.cnf,naive,59783048,125,no
UUF50.218.1000/uuf50-089.cnf,qbf,1533727423,164,no
UUF50.218.1000/uuf50-089.cnf,muser,3436736,85,no
UUF50.218.1000/uuf50-090.cnf,naive,50362066,120,no
UUF50.218.1000/uuf50-090.cnf,qbf,4495870831,162,no
UUF50.218.1000/uuf50-090.cnf,muser,3017339,81,no
UUF50.218.1000/uuf50-091.cnf,naive,45148985,115,no
UUF50.218.1000/uuf50-091.cnf,qbf,695428874,161,no
UUF50.218.1000/uuf50-091.cnf,muser,2909730,95,no
UUF50.218.1000/uuf50-092.cnf,naive,60549346,126,no
UUF50.218.1000/uuf50-092.cnf,qbf,9124602964,167,no
UUF50.218.1000/uuf50-092.cnf,muser,8827899,111,no
UUF50.218.1000/uuf50-093.cnf,naive,60285632,115,no
UUF50.218.1000/uuf50-093.cnf,qbf,671938588,156,no
UUF50.218.1000/uuf50-093.cnf,muser,4407429,91,no
UUF50.218.1000/uuf50-094.cnf,naive,44946368,102,no
UUF50.218.1000/uuf50-094.cnf,qbf,7971696753,159,no
UUF50.218.1000/uuf50-094.cnf,muser,5442233,104,no
UUF50.218.1000/uuf50-095.cnf,naive,55197101,117,no
UUF50.218.1000/uuf50-095.cnf,qbf,3460121825,160,no
UUF50.218.1000/uuf50-095.cnf,muser,5394293,105,no
UUF50.218.1000/uuf50-096.cnf,naive,58774748,118,no
UUF50.218.1000/uuf50-096.cnf,qbf,802706473,163,no
UUF50.218.1000/uuf50-096.cnf,muser,4517948,110,no
UUF50.218.1000/uuf50-097.cnf,naive,51249420,116,no
UUF50.218.1000/uuf50-097.cnf,qbf,1822687088,154,no
UUF50.218.1000/uuf50-097.cnf,muser,3673355,97,no
UUF50.218.1000/uuf50-098.cnf,naive,53896742,104,no
UUF50.218.1000/uuf50-098.cnf,qbf,3931665105,153,no
UUF50.218.1000/uuf50-098.cnf,muser,3475826,86,no
UUF50.218.1000/uuf50-099.cnf,naive,58927950,119,no
UUF50.218.1000/uuf50-099.cnf,qbf,6291626284,176,no
UUF50.218.1000/uuf50-099.cnf,muser,7813338,119,no
UUF50.218.1000/uuf50-0100.cnf,naive,45756722,117,no
UUF50.218.1000/uuf50-0100.cnf,qbf,651357626,165,no
UUF50.218.1000/uuf50-0100.cnf,muser,2390944,75,no
UUF50.218.1000/uuf50-0101.cnf,naive,57123515,120,no
UUF50.218.1000/uuf50-0101.cnf,qbf,18563354708,165,no
UUF50.218.1000/uuf50-0101.cnf,muser,4496760,92,no
UUF50.218.1000/uuf50-0102.cnf,naive,47127608,116,no
UUF50.218.1000/uuf50-0102.cnf,qbf,8595747209,168,no
UUF50.218.1000/uuf50-0102.cnf,muser,4007674,93,no
UUF50.218.1000/uuf50-0103.cnf,naive,49807984,119,no
UUF50.218.1000/uuf50-0103.cnf,qbf,721191102,160,no
UUF50.218.1000/uuf50-0103.cnf,muser,4073763,95,no
UUF50.218.1000/uuf50-0104.cnf,naive,64847025,130,no
UUF50.218.1000/uuf50-0104.cnf,qbf,6243430741,174,no
UUF50.218.1000/uuf50-0104.cnf,muser,5944081,114,no
UUF50.218.1000/uuf50-0105.cnf,naive,55322500,122,no
UUF50.218.1000/uuf50-0105.cnf,qbf,7016296947,160,no
UUF50.218.1000/uuf50-0105.cnf,muser,18202712,103,no
UUF50.218.1000/uuf50-0106.cnf,naive,66305791,121,no
UUF50.218.1000/uuf50-0106.cnf,qbf,698834864,170,no
UUF50.218.1000/uuf50-0106.cnf,muser,3539806,97,no
UUF50.218.1000/uuf50-0107.cnf,naive,58081975,111,no
UUF50.218.1000/uuf50-0107.cnf,qbf,1501957004,155,no
UUF50.218.1000/uuf50-0107.cnf,muser,3781855,92,no
UUF50.218.1000/uuf50-0108.cnf,naive,62939024,117,no
UUF50.218.1000/uuf50-0108.cnf,qbf,640393481,155,no
UUF50.218.1000/uuf50-0108.cnf,muser,3026470,73,no
UUF50.218.1000/uuf50-0109.cnf,naive,65085191,119,no
UUF50.218.1000/uuf50-0109.cnf,qbf,6228232596,163,no
UUF50.218.1000/uuf50-0109.cnf,muser,4206773,89,no
UUF50.218.1000/uuf50-0110.cnf,naive,61539986,121,no
UUF50.218.1000/uuf50-0110.cnf,qbf,14567873098,167,no
UUF50.218.1000/uuf50-0110.cnf,muser,6401039,112,no
UUF50.218.1000/uuf50-0111.cnf,naive,59557914,122,no
UUF50.218.1000/uuf50-0111.cnf,qbf,4729034191,163,no
UUF50.218.1000/uuf50-0111.cnf,muser,3212220,90,no
UUF50.218.1000/uuf50-0112.cnf,naive,58331413,110,no
UUF50.218.1000/uuf50-0112.cnf,qbf,9408196183,154,no
UUF50.218.1000/uuf50-0112.cnf,muser,3856786,87,no
UUF50.218.1000/uuf50-0113.cnf,naive,62690719,123,no
UUF50.218.1000/uuf50-0113.cnf,qbf,5784035927,173,no
UUF50.218.1000/uuf50-0113.cnf,muser,4316374,94,no
UUF50.218.1000/uuf50-0114.cnf,naive,49752972,106,no
UUF50.218.1000/uuf50-0114.cnf,qbf,4554745603,158,no
UUF50.218.1000/uuf50-0114.cnf,muser,3677787,83,no
UUF50.218.1000/uuf50-0115.cnf,naive,58479880,115,no
UUF50.218.1000/uuf50-0115.cnf,qbf,2590309631,159,no
UUF50.218.1000/uuf50-0115.cnf,muser,4326004,103,no
UUF50.218.1000/uuf50-0116.cnf,naive,57027529,114,no
UUF50.218.1000/uuf50-0116.cnf,qbf,6861135280,166,no
UUF50.218.1000/uuf50-0116.cnf,muser,4738501,95,no
UUF50.218.1000/uuf50-0117.cnf,naive,57274420,120,no
UUF50.218.1000/uuf50-0117.cnf,qbf,6928099435,171,no
UUF50.218.1000/uuf50-0117.cnf,muser,3608528,96,no
UUF50.218.1000/uuf50-0118.cnf,naive,64161751,122,no
UUF50.218.1000/uuf50-0118.cnf,qbf,4529974665,169,no
UUF50.218.1000/uuf50-0118.cnf,muser,5929164,113,no
UUF50.218.1000/uuf50-0119.cnf,naive,67012095,125,no
UUF50.218.1000/uuf50-0119.cnf,qbf,4239640240,168,no
UUF50.218.1000/uuf50-0119.cnf,muser,4695311,104,no
UUF50.218.1000/uuf50-0120.cnf,naive,54497461,122,no
UUF50.218.1000/uuf50-0120.cnf,qbf,8515663404,164,no
UUF50.218.1000/uuf50-0120.cnf,muser,4716422,116,no
UUF50.218.1000/uuf50-0121.cnf,naive,49640853,110,no
UUF50.218.1000/uuf50-0121.cnf,qbf,1616058688,161,no
UUF50.218.1000/uuf50-0121.cnf,muser,2896033,84,no
UUF50.218.1000/uuf50-0122.cnf,naive,57521247,120,no
UUF50.218.1000/uuf50-0122.cnf,qbf,1645304039,161,no
UUF50.218.1000/uuf50-0122.cnf,muser,4094586,93,no
UUF50.218.1000/uuf50-0123.cnf,naive,52812686,114,no
UUF50.218.1000/uuf50-0123.cnf,qbf,662124596,165,no
UUF50.218.1000/uuf50-0123.cnf,muser,3642998,98,no
UUF50.218.1000/uuf50-0124.cnf,naive,62246860,128,no
UUF50.218.1000/uuf50-0124.cnf,qbf,4472496502,163,no
UUF50.218.1000/uuf50-0124.cnf,muser,4172666,98,no
UUF50.218.1000/uuf50-0125.cnf,naive,40368891,107,no
UUF50.218.1000/uuf50-0125.cnf,qbf,657952449,153,no
UUF50.218.1000/uuf50-0125.cnf,muser,2395376,65,no
UUF50.218.1000/uuf50-0126.cnf,naive,52186580,117,no
UUF50.218.1000/uuf50-0126.cnf,qbf,758595836,164,no
UUF50.218.1000/uuf50-0126.cnf,muser,3375670,96,no
UUF50.218.1000/uuf50-0127.cnf,naive,75145145,140,no
UUF50.218.1000/uuf50-0127.cnf,qbf,8840538684,163,no
UUF50.218.1000/uuf50-0127.cnf,muser,9437465,120,no
UUF50.218.1000/uuf50-0128.cnf,naive,51068900,114,no
UUF50.218.1000/uuf50-0128.cnf,qbf,716088764,154,no
UUF50.218.1000/uuf50-0128.cnf,muser,6287743,110,no
UUF50.218.1000/uuf50-0129.cnf,naive,53359267,119,no
UUF50.218.1000/uuf50-0129.cnf,qbf,6986127624,165,no
UUF50.218.1000/uuf50-0129.cnf,muser,3979146,100,no
UUF50.218.1000/uuf50-0130.cnf,naive,48132339,113,no
UUF50.218.1000/uuf50-0130.cnf,qbf,708368358,152,no
UUF50.218.1000/uuf50-0130.cnf,muser,5075591,97,no
UUF50.218.1000/uuf50-0131.cnf,naive,54475262,114,no
UUF50.218.1000/uuf50-0131.cnf,qbf,11829771988,170,no
UUF50.218.1000/uuf50-0131.cnf,muser,5812217,105,no
UUF50.218.1000/uuf50-0132.cnf,naive,52824785,117,no
UUF50.218.1000/uuf50-0132.cnf,qbf,698159643,151,no
UUF50.218.1000/uuf50-0132.cnf,muser,7530786,107,no
UUF50.218.1000/uuf50-0133.cnf,naive,48841329,120,no
UUF50.218.1000/uuf50-0133.cnf,qbf,8638363719,167,no
UUF50.218.1000/uuf50-0133.cnf,muser,4598203,108,no
UUF50.218.1000/uuf50-0134.cnf,naive,50379442,115,no
UUF50.218.1000/uuf50-0134.cnf,qbf,1742755974,162,no
UUF50.218.1000/uuf50-0134.cnf,muser,3565970,88,no
UUF50.218.1000/uuf50-0135.cnf,naive,55478263,119,no
UUF50.218.1000/uuf50-0135.cnf,qbf,4809458487,163,no
UUF50.218.1000/uuf50-0135.cnf,muser,3105103,91,no
UUF50.218.1000/uuf50-0136.cnf,naive,47671919,110,no
UUF50.218.1000/uuf50-0136.cnf,qbf,8260028398,166,no
UUF50.218.1000/uuf50-0136.cnf,muser,3811028,98,no
UUF50.218.1000/uuf50-0137.cnf,naive,53125680,113,no
UUF50.218.1000/uuf50-0137.cnf,qbf,4546024257,171,no
UUF50.218.1000/uuf50-0137.cnf,muser,4217136,101,no
UUF50.218.1000/uuf50-0138.cnf,naive,50949953,119,no
UUF50.218.1000/uuf50-0138.cnf,qbf,3826154333,158,no
UUF50.218.1000/uuf50-0138.cnf,muser,2863934,87,no
UUF50.218.1000/uuf50-0139.cnf,naive,49681211,110,no
UUF50.218.1000/uuf50-0139.cnf,qbf,13239643546,162,no
UUF50.218.1000/uuf50-0139.cnf,muser,4506155,91,no
UUF50.218.1000/uuf50-0140.cnf,naive,43079541,117,no
UUF50.218.1000/uuf50-0140.cnf,qbf,1632222243,174,no
UUF50.218.1000/uuf50-0140.cnf,muser,3010623,81,no
UUF50.218.1000/uuf50-0141.cnf,naive,54232329,113,no
UUF50.218.1000/uuf50-0141.cnf,qbf,17343701917,164,no
UUF50.218.1000/uuf50-0141.cnf,muser,5319831,99,no
UUF50.218.1000/uuf50-0142.cnf,naive,48487685,123,no
UUF50.218.1000/uuf50-0142.cnf,qbf,5740671173,162,no
UUF50.218.1000/uuf50-0142.cnf,muser,4587575,100,no
UUF50.218.1000/uuf50-0143.cnf,naive,50073228,116,no
UUF50.218.1000/uuf50-0143.cnf,qbf,10417922440,173,no
UUF50.218.1000/uuf50-0143.cnf,muser,4516965,115,no
UUF50.218.1000/uuf50-0144.cnf,naive,50372108,125,no
UUF50.218.1000/uuf50-0144.cnf,qbf,3048923917,167,no
UUF50.218.1000/uuf50-0144.cnf,muser,3915958,94,no
UUF50.218.1000/uuf50-0145.cnf,naive,47474415,111,no
UUF50.218.1000/uuf50-0145.cnf,qbf,7915934611,161,no
UUF50.218.1000/uuf50-0145.cnf,muser,3233652,91,no
UUF50.218.1000/uuf50-0146.cnf,naive,31075154,82,no
UUF50.218.1000/uuf50-0146.cnf,qbf,475056912,145,no
UUF50.218.1000/uuf50-0146.cnf,muser,2524876,77,no
UUF50.218.1000/uuf50-0147.cnf,naive,58652687,116,no
UUF50.218.1000/uuf50-0147.cnf,qbf,14922392274,174,no
UUF50.218.1000/uuf50-0147.cnf,muser,4744965,98,no
UUF50.218.1000/uuf50-0148.cnf,naive,61188817,123,no
UUF50.218.1000/uuf50-0148.cnf,qbf,4693730818,157,no
UUF50.218.1000/uuf50-0148.cnf,muser,4804784,108,no
UUF50.218.1000/uuf50-0149.cnf,naive,56054505,132,no
UUF50.218.1000/uuf50-0149.cnf,qbf,1787598534,175,no
UUF50.218.1000/uuf50-0149.cnf,muser,6048408,106,no
UUF50.218.1000/uuf50-0150.cnf,naive,62619321,127,no
UUF50.218.1000/uuf50-0150.cnf,qbf,26616509679,184,no
UUF50.218.1000/uuf50-0150.cnf,muser,4637256,108,no
UUF50.218.1000/uuf50-0151.cnf,naive,52222211,120,no
UUF50.218.1000/uuf50-0151.cnf,qbf,775415640,167,no
UUF50.218.1000/uuf50-0151.cnf,muser,3305823,90,no
UUF50.218.1000/uuf50-0152.cnf,naive,55041747,120,no
UUF50.218.1000/uuf50-0152.cnf,qbf,4313289526,164,no
UUF50.218.1000/uuf50-0152.cnf,muser,17779069,102,no
UUF50.218.1000/uuf50-0153.cnf,naive,64104471,105,no
UUF50.218.1000/uuf50-0153.cnf,qbf,1812139814,159,no
UUF50.218.1000/uuf50-0153.cnf,muser,6614756,101,no
UUF50.218.1000/uuf50-0154.cnf,naive,51522386,121,no
UUF50.218.1000/uuf50-0154.cnf,qbf,1554210906,161,no
UUF50.218.1000/uuf50-0154.cnf,muser,4336508,95,no
UUF50.218.1000/uuf50-0155.cnf,naive,60093233,111,no
UUF50.218.1000/uuf50-0155.cnf,qbf,650338274,158,no
UUF50.218.1000/uuf50-0155.cnf,muser,5340443,107,no
UUF50.218.1000/uuf50-0156.cnf,naive,39088690,97,no
UUF50.218.1000/uuf50-0156.cnf,qbf,5933540284,165,no
UUF50.218.1000/uuf50-0156.cnf,muser,3423293,81,no
UUF50.218.1000/uuf50-0157.cnf,naive,54750342,118,no
UUF50.218.1000/uuf50-0157.cnf,qbf,6680684610,169,no
UUF50.218.1000/uuf50-0157.cnf,muser,4652087,98,no
UUF50.218.1000/uuf50-0158.cnf,naive,47828528,107,no
UUF50.218.1000/uuf50-0158.cnf,qbf,1834655874,165,no
UUF50.218.1000/uuf50-0158.cnf,muser,3367203,91,no
UUF50.218.1000/uuf50-0159.cnf,naive,58743593,115,no
UUF50.218.1000/uuf50-0159.cnf,qbf,670898657,165,no
UUF50.218.1000/uuf50-0159.cnf,muser,5422773,101,no
UUF50.218.1000/uuf50-0160.cnf,naive,47957098,118,no
UUF50.218.1000/uuf50-0160.cnf,qbf,9242612771,175,no
UUF50.218.1000/uuf50-0160.cnf,muser,5040815,105,no
UUF50.218.1000/uuf50-0161.cnf,naive,56407847,127,no
UUF50.218.1000/uuf50-0161.cnf,qbf,13642750270,167,no
UUF50.218.1000/uuf50-0161.cnf,muser,3406043,105,no
UUF50.218.1000/uuf50-0162.cnf,naive,65938243,120,no
UUF50.218.1000/uuf50-0162.cnf,qbf,8376951880,167,no
UUF50.218.1000/uuf50-0162.cnf,muser,4565328,100,no
UUF50.218.1000/uuf50-0163.cnf,naive,70610480,125,no
UUF50.218.1000/uuf50-0163.cnf,qbf,5752481035,164,no
UUF50.218.1000/uuf50-0163.cnf,muser,7834682,118,no
UUF50.218.1000/uuf50-0164.cnf,naive,50236113,108,no
UUF50.218.1000/uuf50-0164.cnf,qbf,4335166103,146,no
UUF50.218.1000/uuf50-0164.cnf,muser,4178080,92,no
UUF50.218.1000/uuf50-0165.cnf,naive,57575207,116,no
UUF50.218.1000/uuf50-0165.cnf,qbf,727409259,161,no
UUF50.218.1000/uuf50-0165.cnf,muser,3206245,93,no
UUF50.218.1000/uuf50-0166.cnf,naive,55423019,119,no
UUF50.218.1000/uuf50-0166.cnf,qbf,1687904572,163,no
UUF50.218.1000/uuf50-0166.cnf,muser,4608947,97,no
UUF50.218.1000/uuf50-0167.cnf,naive,46831571,112,no
UUF50.218.1000/uuf50-0167.cnf,qbf,1742589624,169,no
UUF50.218.1000/uuf50-0167.cnf,muser,3744102,102,no
UUF50.218.1000/uuf50-0168.cnf,naive,52563273,125,no
UUF50.218.1000/uuf50-0168.cnf,qbf,664103080,157,no
UUF50.218.1000/uuf50-0168.cnf,muser,4296709,101,no
UUF50.218.1000/uuf50-0169.cnf,naive,38916069,102,no
UUF50.218.1000/uuf50-0169.cnf,qbf,1859527828,161,no
UUF50.218.1000/uuf50-0169.cnf,muser,4201079,94,no
UUF50.218.1000/uuf50-0170.cnf,naive,62684084,125,no
UUF50.218.1000/uuf50-0170.cnf,qbf,659187449,163,no
UUF50.218.1000/uuf50-0170.cnf,muser,4084360,99,no
UUF50.218.1000/uuf50-0171.cnf,naive,66019288,125,no
UUF50.218.1000/uuf50-0171.cnf,qbf,1847431052,166,no
UUF50.218.1000/uuf50-0171.cnf,muser,4531228,106,no
UUF50.218.1000/uuf50-0172.cnf,naive,49648678,112,no
UUF50.218.1000/uuf50-0172.cnf,qbf,724502136,167,no
UUF50.218.1000/uuf50-0172.cnf,muser,2657738,91,no
UUF50.218.1000/uuf50-0173.cnf,naive,55583929,116,no
UUF50.218.1000/uuf50-0173.cnf,qbf,7920058252,169,no
UUF50.218.1000/uuf50-0173.cnf,muser,4043160,102,no
UUF50.218.1000/uuf50-0174.cnf,naive,52549475,124,no
UUF50.218.1000/uuf50-0174.cnf,qbf,4352438535,158,no
UUF50.218.1000/uuf50-0174.cnf,muser,3672232,95,no
UUF50.218.1000/uuf50-0175.cnf,naive,50415416,122,no
UUF50.218.1000/uuf50-0175.cnf,qbf,787332284,161,no
UUF50.218.1000/uuf50-0175.cnf,muser,4004161,99,no
UUF50.218.1000/uuf50-0176.cnf,naive,60097989,113,no
UUF50.218.1000/uuf50-0176.cnf,qbf,2799336575,159,no
UUF50.218.1000/uuf50-0176.cnf,muser,4414049,108,no
UUF50.218.1000/uuf50-0177.cnf,naive,50444017,121,no
UUF50.218.1000/uuf50-0177.cnf,qbf,712209655,158,no
UUF50.218.1000/uuf50-0177.cnf,muser,3345884,106,no
UUF50.218.1000/uuf50-0178.cnf,naive,51628831,107,no
UUF50.218.1000/uuf50-0178.cnf,qbf,7360592383,157,no
UUF50.218.1000/uuf50-0178.cnf,muser,14108073,100,no
UUF50.218.1000/uuf50-0179.cnf,naive,48300259,119,no
UUF50.218.1000/uuf50-0179.cnf,qbf,6444554849,162,no
UUF50.218.1000/uuf50-0179.cnf,muser,4060100,94,no
UUF50.218.1000/uuf50-0180.cnf,naive,54091402,118,no
UUF50.218.1000/uuf50-0180.cnf,qbf,6659327837,163,no
UUF50.218.1000/uuf50-0180.cnf,muser,6540149,107,no
UUF50.218.1000/uuf50-0181.cnf,naive,60891450,120,no
UUF50.218.1000/uuf50-0181.cnf,qbf,3118437483,162,no
UUF50.218.1000/uuf50-0181.cnf,muser,17224828,99,no
UUF50.218.1000/uuf50-0182.cnf,naive,56547372,112,no
UUF50.218.1000/uuf50-0182.cnf,qbf,4933252400,162,no
UUF50.218.1000/uuf50-0182.cnf,muser,5646484,95,no
UUF50.218.1000/uuf50-0183.cnf,naive,59647318,132,no
UUF50.218.1000/uuf50-0183.cnf,qbf,7962079853,170,no
UUF50.218.1000/uuf50-0183.cnf,muser,4692478,107,no
UUF50.218.1000/uuf50-0184.cnf,naive,60633405,117,no
UUF50.218.1000/uuf50-0184.cnf,qbf,9806121199,171,no
UUF50.218.1000/uuf50-0184.cnf,muser,7200666,104,no
UUF50.218.1000/uuf50-0185.cnf,naive,40969248,107,no
UUF50.218.1000/uuf50-0185.cnf,qbf,10687345383,170,no
UUF50.218.1000/uuf50-0185.cnf,muser,4217370,97,no
UUF50.218.1000/uuf50-0186.cnf,naive,54494357,123,no
UUF50.218.1000/uuf50-0186.cnf,qbf,729181532,159,no
UUF50.218.1000/uuf50-0186.cnf,muser,2947646,83,no
UUF50.218.1000/uuf50-0187.cnf,naive,59781312,116,no
UUF50.218.1000/uuf50-0187.cnf,qbf,8356640168,165,no
UUF50.218.1000/uuf50-0187.cnf,muser,4011322,96,no
UUF50.218.1000/uuf50-0188.cnf,naive,55208875,120,no
UUF50.218.1000/uuf50-0188.cnf,qbf,753078440,152,no
UUF50.218.1000/uuf50-0188.cnf,muser,4619009,107,no
UUF50.218.1000/uuf50-0189.cnf,naive,60926438,129,no
UUF50.218.1000/uuf50-0189.cnf,qbf,6825625224,168,no
UUF50.218.1000/uuf50-0189.cnf,muser,5091067,104,no
UUF50.218.1000/uuf50-0190.cnf,naive,52642138,119,no
UUF50.218.1000/uuf50-0190.cnf,qbf,7230578708,164,no
UUF50.218.1000/uuf50-0190.cnf,muser,5286886,116,no
UUF50.218.1000/uuf50-0191.cnf,naive,51911792,119,no
UUF50.218.1000/uuf50-0191.cnf,qbf,4678808908,160,no
UUF50.218.1000/uuf50-0191.cnf,muser,4607339,99,no
UUF50.218.1000/uuf50-0192.cnf,naive,45334213,108,no
UUF50.218.1000/uuf50-0192.cnf,qbf,766043191,162,no
UUF50.218.1000/uuf50-0192.cnf,muser,3830993,96,no
UUF50.218.1000/uuf50-0193.cnf,naive,48095020,113,no
UUF50.218.1000/uuf50-0193.cnf,qbf,713926311,166,no
UUF50.218.1000/uuf50-0193.cnf,muser,3633563,100,no
UUF50.218.1000/uuf50-0194.cnf,naive,61528890,115,no
UUF50.218.1000/uuf50-0194.cnf,qbf,7070935948,170,no
UUF50.218.1000/uuf50-0194.cnf,muser,3944262,91,no
UUF50.218.1000/uuf50-0195.cnf,naive,57517159,119,no
UUF50.218.1000/uuf50-0195.cnf,qbf,10722428772,171,no
UUF50.218.1000/uuf50-0195.cnf,muser,4007882,97,no
UUF50.218.1000/uuf50-0196.cnf,naive,48308922,106,no
UUF50.218.1000/uuf50-0196.cnf,qbf,8102671349,164,no
UUF50.218.1000/uuf50-0196.cnf,muser,3509024,97,no
UUF50.218.1000/uuf50-0197.cnf,naive,57114703,116,no
UUF50.218.1000/uuf50-0197.cnf,qbf,6913823900,171,no
UUF50.218.1000/uuf50-0197.cnf,muser,3262715,83,no
UUF50.218.1000/uuf50-0198.cnf,naive,40907187,111,no
UUF50.218.1000/uuf50-0198.cnf,qbf,624498945,156,no
UUF50.218.1000/uuf50-0198.cnf,muser,2585428,77,no
UUF50.218.1000/uuf50-0199.cnf,naive,56961615,117,no
UUF50.218.1000/uuf50-0199.cnf,qbf,6251777034,166,no
UUF50.218.1000/uuf50-0199.cnf,muser,5808434,111,no
UUF50.218.1000/uuf50-0200.cnf,naive,45680616,107,no
UUF50.218.1000/uuf50-0200.cnf,qbf,6006147744,161,no
UUF50.218.1000/uuf50-0200.cnf,muser,3303306,79,no
